transaction_id,fraud_reported
,0
1,0
2,0
3,0
4,0
5,0
6,0
,0
,0
,0
10,0
,0
12,0
13,0
14,0
15,0
16,0
,0
18,0
19,0
20,0
,0
,0
23,0
,0
25,1
,0
27,1
28,1
,0
30,1
31,0
32,0
,0
34,0
35,0
,0
37,0
,0
,0
,0
41,0
42,0
,0
,0
,0
46,0
47,0
,0
49,0
,0
51,0
,0
,0
,0
55,0
56,0
,0
58,0
,0
60,0
,0
,0
,0
64,0
65,0
,0
,0
,0
,0
70,0
,0
,0
,0
,0
,0
,0
,0
,0
79,0
,0
81,0
82,0
83,0
,0
,0
86,0
87,0
,0
,0
90,0
,0
,0
93,0
94,0
,0
,0
97,0
,0
,0
,0
101,0
,0
103,0
,0
105,0
106,0
,0
,0
,0
,0
111,0
112,0
,0
114,0
115,0
,0
117,0
,0
,0
,0
,0
,0
,0
124,0
,0
126,0
127,0
,0
129,0
,0
131,0
,0
,0
134,0
135,0
136,0
137,0
138,0
139,0
,0
,0
,0
,0
,0
,0
146,0
,0
148,0
149,0
,0
,0
152,0
,0
,0
,0
,0
157,0
158,0
,0
160,0
,0
162,0
163,0
164,0
165,0
166,0
167,0
168,0
,0
170,0
,0
,0
173,0
174,0
,0
176,0
177,0
,0
179,0
,0
181,0
,0
,0
184,0
185,0
186,0
187,0
,0
,0
190,0
191,0
192,0
193,0
,0
,0
196,0
197,0
,0
199,0
200,0
,0
,0
203,0
,0
205,0
,0
,0
208,0
,0
,0
211,0
,0
213,0
214,0
,0
216,0
217,0
218,0
219,0
220,0
221,0
,0
223,0
,0
225,0
,0
,0
,0
229,0
,0
,0
232,0
,0
,0
235,0
,0
237,0
,0
239,0
,0
241,0
242,0
,0
244,0
,0
246,0
247,0
248,0
249,0
250,0
,0
252,0
,0
254,0
255,0
,0
,0
258,0
,0
260,0
261,0
,0
,0
,0
,0
,0
267,0
268,0
269,0
,0
,0
,0
273,0
,0
275,0
,0
,0
278,0
,0
,0
281,0
282,0
,0
,0
285,0
,0
,0
288,0
289,0
,0
,0
,0
,0
294,0
,0
296,0
297,0
,0
,0
300,0
,0
,0
303,0
304,0
,0
306,0
,0
308,0
,0
,0
311,0
,0
,0
,0
,0
,0
,0
318,0
319,0
,0
,0
,0
,0
324,0
,0
,0
,0
,0
,0
,0
331,0
,0
333,0
334,0
,0
,0
,0
,0
,0
,0
341,0
342,0
,0
344,0
,0
,0
347,0
348,0
349,0
350,0
,0
352,0
353,0
354,0
,0
356,0
,0
,0
,0
360,0
361,0
,0
,0
,0
,0
366,0
367,0
368,0
,0
370,0
371,0
372,0
373,0
374,0
375,0
,0
377,0
,0
,0
380,0
381,0
,0
,0
,0
385,0
386,0
387,0
388,0
389,0
390,0
,0
392,0
,0
394,0
395,0
,0
,0
,0
,0
,0
401,0
402,0
,0
404,0
,0
,0
,0
,0
,0
,0
,0
412,0
413,0
414,0
,0
416,0
417,0
418,0
,0
420,0
,0
,0
,0
,0
425,0
,0
427,0
,0
,0
,0
431,0
432,0
433,0
434,0
,0
436,0
,0
,0
439,0
,0
441,0
,0
,0
,0
,0
,0
447,0
448,0
,0
,0
,0
,0
,0
,0
455,0
456,0
457,0
458,0
459,0
,0
,0
462,0
463,0
,0
465,0
,0
467,0
468,0
469,0
,0
471,0
,0
,0
,0
,0
,0
477,0
,0
479,0
480,0
,0
482,0
483,0
484,0
,0
486,0
487,0
,0
489,0
,0
,0
492,0
,0
494,0
495,0
496,0
,0
,0
499,0
500,0
501,0
502,0
503,0
504,0
505,0
506,0
507,0
508,0
509,0
,0
,0
512,0
513,0
514,0
,0
,0
517,0
518,0
,0
520,0
,0
522,0
,0
524,0
525,0
526,0
527,0
,0
,0
,0
531,0
,0
533,0
534,0
535,0
,0
,0
538,0
,0
540,0
,0
542,0
543,0
,0
,0
,0
,0
548,0
549,0
550,0
,0
,0
,0
,0
555,0
556,0
557,0
,0
559,0
560,0
561,0
562,0
,0
564,0
,0
566,0
,0
568,0
,0
,0
,0
,0
,0
574,0
575,0
,0
,0
,0
579,0
,0
,0
582,0
583,0
,0
585,0
586,0
587,0
588,0
,0
590,0
,0
592,0
,0
,0
595,0
,0
,0
,0
,0
,0
,0
,0
,0
604,0
605,0
,0
607,0
608,0
,0
,0
,0
612,0
613,0
614,0
,0
,0
617,0
618,0
,0
,0
621,0
,0
623,0
624,0
625,0
626,0
,0
,0
629,0
630,0
631,0
,0
,0
,0
,0
636,0
637,0
,0
,0
640,0
,0
,0
,0
,0
645,0
646,0
647,0
,0
649,0
650,0
,0
,0
,0
,0
655,0
656,0
,0
,0
659,0
,0
661,0
,0
,0
664,0
665,0
666,0
667,0
,0
,0
670,0
,0
,0
673,0
,0
675,0
676,0
677,0
678,0
679,0
,0
,0
,0
,0
,0
685,0
686,0
687,0
688,0
689,0
,0
691,0
692,0
693,0
,0
,0
,0
,0
698,0
,0
700,0
,0
702,0
,0
704,0
,0
,0
707,0
708,0
709,0
710,0
,0
,0
713,0
714,0
715,0
716,0
,0
,0
,0
720,0
,0
722,0
,0
724,0
,0
726,0
,0
728,0
,0
730,0
731,0
,0
733,0
734,0
735,0
736,0
,0
738,0
,0
740,0
,0
,0
,0
744,0
,0
746,0
747,0
,0
,0
750,0
751,0
752,0
,0
,0
755,0
756,0
757,0
758,0
759,0
,0
,0
,0
,0
,0
765,0
,0
,0
768,0
,0
770,0
771,0
772,0
,0
774,0
775,0
,0
777,0
,0
,0
780,0
,0
782,0
783,0
784,0
,0
,0
,0
788,0
,0
,0
791,0
,0
,0
794,0
,0
,0
797,0
798,0
799,0
800,0
,0
,0
803,0
,0
805,0
,0
807,0
808,0
,0
,0
,0
,0
813,0
,0
,0
,0
,0
,0
819,0
,0
,0
822,0
823,0
824,0
,0
,0
827,0
828,0
829,0
830,0
,0
832,0
,0
834,0
,0
836,0
837,0
838,0
839,0
840,0
841,0
842,0
843,0
844,0
,0
846,0
,0
,0
849,0
850,0
,0
,0
853,0
,0
,0
856,0
,0
858,0
859,0
,0
861,0
,0
,0
,0
,0
,0
867,0
,0
,0
870,0
,0
872,0
873,0
874,0
,0
876,0
,0
,0
879,0
880,0
,0
,0
883,0
,0
,0
,0
,0
888,0
,0
890,0
,0
,0
,0
,0
895,0
896,0
,0
898,0
899,0
900,0
901,0
,0
,0
904,0
905,0
,0
907,0
908,0
,0
,0
,0
912,0
913,0
914,0
,0
916,0
917,0
,0
919,0
920,0
921,0
,0
,0
,0
,0
,0
927,0
,0
929,0
930,0
931,0
,0
,0
934,0
935,0
936,0
937,0
,0
939,0
,0
941,0
,0
,0
,0
,0
,0
947,0
,0
,0
950,0
951,0
,0
953,0
,0
,0
956,0
957,0
,0
,0
960,0
,0
962,0
,0
,0
,0
,0
967,0
968,0
,0
970,0
,0
,0
,0
,0
,0
,0
,0
,0
,0
980,0
,0
,0
983,0
,0
,0
,0
987,0
988,0
,0
990,0
,0
,0
,0
,0
995,0
,0
997,0
998,0
999,0
,0
,0
1002,0
1003,0
,0
,0
,0
,0
,0
1009,0
,0
1011,0
1012,0
1013,0
1014,0
1015,0
,0
1017,0
,0
,0
,0
,0
1022,0
,0
,0
,0
1026,0
1027,0
,0
1029,0
1030,0
,0
,0
,0
1034,0
,0
1036,0
,0
1038,0
1039,0
1040,0
,0
,0
1043,0
1044,0
1045,0
1046,0
,0
1048,0
1049,0
1050,0
,0
,0
1053,0
,0
1055,0
1056,0
,0
,0
1059,0
,0
1061,0
1062,1
,0
,0
,0
1066,1
1067,1
1068,1
1069,1
,0
,0
1072,1
1073,1
,0
1075,1
1076,1
,0
,0
,0
1080,1
1081,1
,0
1083,0
,0
,0
1086,1
1087,0
1088,1
1089,0
1090,1
,0
1092,1
1093,1
1094,0
1095,1
1096,1
,0
,0
1099,1
,0
1101,1
,0
,0
1104,1
,0
1106,0
,0
1108,1
1109,1
1110,1
,0
,0
,0
1114,1
1115,1
1116,1
,0
1118,1
,0
,0
1121,0
1122,1
,0
,0
1125,1
,0
,0
,0
1129,1
1130,1
,0
1132,1
1133,1
1134,1
1135,1
,0
,0
,0
,0
,0
,0
,0
,0
,0
1145,1
,0
,0
1148,1
,0
1150,1
1151,1
,0
,0
1154,1
1155,1
,0
,0
,0
,0
,0
1161,1
,0
,0
,0
1165,1
,0
,0
,0
1169,1
,0
,0
,0
1173,1
,0
1175,1
1176,0
,0
1178,0
1179,1
1180,1
,0
1182,1
1183,1
,0
1185,0
1186,0
,0
1188,0
1189,1
1190,1
1191,1
1192,1
1193,1
1194,1
,0
1196,1
1197,1
,0
1199,1
1200,1
1201,1
1202,1
,0
1204,1
1205,1
,0
1207,1
1208,1
1209,1
1210,1
1211,1
,0
1213,1
,0
1215,1
,0
1217,1
1218,0
,0
1220,1
1221,1
,0
1223,1
1224,1
1225,1
1226,1
,0
,0
,0
1230,1
1231,1
1232,0
1233,1
,0
1235,1
,0
,0
1238,1
,0
1240,1
1241,1
,0
1243,1
1244,1
,0
1246,1
,0
1248,1
1249,1
,0
1251,1
,0
,0
1254,1
1255,1
1256,1
,0
,0
,0
1260,0
,0
1262,0
,0
,0
,0
1266,0
1267,0
,0
1269,0
,0
1271,0
1272,0
1273,0
,0
,0
,0
,0
1278,0
,0
1280,0
1281,0
,0
1283,0
,0
,0
,0
1287,0
1288,0
,0
,0
,0
1292,0
,0
1294,0
,0
,0
,0
1298,1
1299,1
,0
,0
1302,1
1303,1
,0
,0
,0
,0
,0
,0
1310,1
,0
1312,1
,0
1314,1
1315,1
,0
1317,1
1318,1
,0
1320,1
1321,1
,0
1323,1
,0
,0
1326,1
1327,1
,0
,0
1330,1
1331,1
1332,1
1333,1
,0
1335,1
1336,1
,0
,0
,0
1340,1
,0
,0
1343,1
1344,1
1345,1
1346,1
1347,1
,0
1349,1
,0
1351,1
,0
1353,1
,0
,0
1356,1
1357,1
,0
,0
1360,1
1361,1
1362,1
,0
,0
,0
1366,1
1367,1
1368,1
1369,1
,0
1371,1
1372,1
,0
,0
1375,1
,0
1377,0
,0
1379,0
1380,0
,0
,0
,0
1384,0
,0
,0
1387,0
,0
,0
,0
1391,0
,0
1393,0
1394,0
,0
1396,0
1397,0
,0
1399,0
,0
,0
1402,0
1403,0
,0
,0
,0
,0
1408,0
,0
,0
1411,0
1412,0
,0
1414,0
,0
,0
,0
1418,0
,0
1420,0
1421,0
1422,0
,0
,0
,0
,0
,0
,0
1429,0
,0
1431,0
1432,0
1433,0
1434,0
1435,0
1436,0
,0
,0
,0
1440,0
1441,0
,0
1443,0
1444,0
,0
,0
,0
1448,0
,0
1450,0
1451,0
,0
,0
,0
,0
1456,0
1457,0
,0
,0
1460,0
,0
1462,0
,0
,0
1465,0
,0
1467,0
1468,0
,0
1470,0
,0
,0
,0
1474,0
,0
,0
,0
1478,0
,0
,0
,0
,0
,0
1484,0
,0
1486,0
1487,0
,0
1489,0
1490,0
1491,0
,0
,0
1494,0
,0
1496,0
1497,0
,0
1499,0
1500,0
1501,0
,0
1503,0
,0
,0
1506,0
1507,0
1508,0
,0
,0
,0
,0
,0
1514,0
,0
1516,0
,0
,0
1519,0
1520,0
,0
,0
1523,0
1524,0
1525,0
1526,0
,0
,0
,0
1530,0
,0
,0
1533,0
1534,0
1535,0
1536,0
1537,0
,0
,0
,0
1541,0
,0
,0
,0
,0
,0
1547,0
,0
,0
,0
1551,1
,0
,0
,0
1555,1
1556,1
,0
,0
1559,1
,0
,0
,0
,0
,0
,0
1566,1
,0
,0
,0
,0
,0
1572,1
,0
1574,1
,0
1576,1
,0
,0
,0
1580,1
,0
1582,1
,0
1584,1
1585,1
1586,1
1587,1
1588,1
,0
,0
,0
,0
1593,1
,0
,0
1596,1
,0
,0
1599,1
,0
1601,1
,0
1603,1
,0
1605,1
1606,1
,0
1608,1
,0
,0
,0
1612,1
,0
1614,1
,0
,0
,0
1618,1
1619,1
1620,1
1621,1
1622,1
1623,1
1624,1
,0
1626,1
1627,1
1628,1
1629,1
,0
,0
1632,1
1633,1
1634,1
,0
,0
1637,1
1638,1
,0
1640,1
,0
1642,1
,0
1644,1
1645,1
,0
,0
1648,1
1649,1
1650,1
,0
,0
1653,1
1654,1
1655,1
,0
1657,1
,0
,0
1660,1
1661,1
,0
,0
,0
,0
1666,1
1667,1
,0
1669,1
1670,1
1671,1
1672,1
,0
1674,1
1675,1
,0
,0
,0
1679,1
,0
,0
1682,1
1683,1
,0
1685,1
,0
,0
1688,1
,0
1690,1
,0
,0
1693,1
1694,1
,0
1696,1
1697,1
1698,1
,0
1700,1
1701,1
1702,1
1703,1
1704,1
1705,1
,0
,0
1708,1
,0
,0
,0
1712,1
,0
1714,1
,0
1716,1
,0
,0
1719,1
,0
,0
,0
,0
1724,1
,0
1726,1
1727,1
,0
1729,1
,0
,0
1732,1
,0
1734,1
,0
,0
,0
1738,1
,0
,0
,0
1742,1
1743,1
,0
,0
,0
,0
,0
1749,1
1750,1
,0
1752,1
1753,1
1754,1
1755,1
1756,1
1757,1
1758,1
,0
1760,1
,0
,0
,0
1764,1
,0
,0
1767,1
1768,1
1769,1
1770,1
1771,1
,0
,0
,0
1775,1
,0
1777,1
,0
1779,1
1780,1
,0
,0
1783,1
,0
,0
,0
1787,1
1788,1
1789,1
1790,1
,0
1792,1
,0
1794,1
1795,1
1796,1
,0
1798,1
,0
,0
,0
,0
1803,1
,0
,0
,0
,0
,0
1809,1
,0
1811,1
1812,1
1813,1
,0
,0
,0
1817,1
,0
,0
1820,1
,0
,0
,0
1824,1
1825,1
1826,1
,0
,0
1829,1
,0
,0
1832,1
,0
1834,1
1835,1
1836,1
1837,1
,0
1839,1
1840,1
,0
,0
,0
1844,1
1845,1
,0
,0
,0
1849,1
1850,1
,0
1852,1
1853,1
,0
,0
1856,1
,0
1858,1
1859,1
1860,1
,0
,0
,0
,0
1865,1
,0
,0
1868,1
,0
1870,1
1871,1
1872,1
,0
,0
1875,1
1876,1
,0
,0
1879,1
1880,1
,0
,0
,0
,0
1885,1
1886,1
1887,1
,0
1889,1
1890,1
1891,1
1892,1
,0
1894,1
,0
,0
,0
1898,1
1899,1
,0
1901,1
,0
1903,1
1904,1
,0
,0
,0
,0
1909,1
,0
1911,1
1912,1
,0
1914,1
,0
,0
1917,1
,0
1919,1
,0
,0
1922,1
,0
,0
,0
1926,1
,0
,0
,0
1930,1
,0
,0
,0
1934,1
1935,1
1936,1
,0
,0
,0
1940,1
1941,1
1942,1
,0
1944,1
1945,1
,0
,0
,0
1949,1
,0
1951,1
,0
1953,1
1954,1
1955,1
1956,1
,0
,0
1959,1
,0
1961,1
1962,1
1963,1
,0
1965,1
,0
1967,1
1968,1
1969,1
,0
,0
,0
1973,1
,0
1975,1
1976,1
,0
1978,1
1979,1
,0
,0
,0
1983,1
,0
,0
,0
,0
1988,1
1989,1
1990,1
1991,1
,0
,0
,0
,0
,0
1997,1
1998,1
1999,1
2000,1
2001,1
,0
,0
2004,1
,0
,0
2007,1
,0
2009,1
,0
,0
,0
,0
,0
2015,1
,0
2017,1
,0
2019,1
,0
2021,1
2022,1
,0
,0
2025,1
2026,1
,0
,0
2029,1
,0
,0
2032,1
,0
2034,1
2035,1
,0
2037,1
2038,1
2039,1
,0
2041,1
2042,1
2043,1
,0
2045,1
,0
,0
2048,1
,0
2050,1
2051,1
,0
2053,1
2054,1
,0
2056,1
,0
2058,1
,0
2060,1
2061,1
2062,1
,0
,0
2065,1
2066,1
2067,1
2068,1
,0
2070,1
,0
2072,1
2073,1
2074,1
,0
2076,1
2077,1
,0
,0
,0
,0
2082,1
2083,1
,0
2085,1
,0
2087,1
2088,1
2089,1
2090,1
2091,1
2092,1
2093,1
2094,1
2095,1
,0
2097,1
,0
2099,1
,0
2101,1
,0
,0
2104,1
2105,1
,0
,0
,0
,0
2110,1
2111,1
,0
2113,1
2114,1
2115,1
2116,1
2117,1
2118,1
2119,1
,0
2121,1
,0
2123,1
,0
,0
2126,1
2127,1
2128,1
2129,1
,0
,0
2132,1
,0
2134,1
2135,1
2136,1
,0
2138,1
2139,1
,0
2141,1
2142,1
2143,1
,0
2145,1
2146,1
2147,1
,0
,0
2150,1
,0
2152,1
,0
2154,1
,0
2156,1
2157,1
,0
2159,1
,0
,0
2162,1
,0
,0
2165,1
2166,1
2167,1
,0
2169,1
2170,1
,0
2172,1
,0
2174,1
,0
2176,1
,0
2178,1
,0
2180,1
2181,1
,0
,0
,0
,0
,0
,0
2188,1
2189,1
2190,1
,0
,0
,0
2194,1
2195,1
,0
2197,1
2198,1
2199,1
2200,1
2201,1
,0
,0
2204,1
2205,1
2206,1
,0
,0
,0
2210,1
,0
2212,1
2213,1
2214,1
,0
2216,1
2217,1
2218,1
,0
,0
,0
,0
,0
,0
,0
2226,1
2227,1
2228,1
,0
2230,1
,0
2232,1
,0
,0
2235,1
2236,1
2237,1
2238,1
2239,1
2240,1
2241,1
,0
2243,1
,0
2245,1
,0
2247,1
2248,1
2249,1
,0
2251,1
2252,1
2253,1
2254,1
2255,1
2256,1
2257,1
,0
2259,1
2260,1
,0
2262,1
,0
2264,1
2265,1
2266,1
,0
,0
2269,1
2270,1
2271,1
2272,1
2273,1
2274,1
,0
2276,1
,0
,0
2279,1
2280,1
2281,1
2282,1
,0
2284,1
2285,1
2286,1
,0
2288,1
,0
,0
2291,1
2292,1
,0
,0
,0
,0
,0
,0
2299,1
,0
2301,1
2302,1
2303,1
2304,1
,0
,0
2307,1
2308,1
2309,1
,0
2311,1
2312,1
2313,1
,0
2315,1
,0
,0
,0
2319,1
2320,1
,0
,0
,0
2324,1
2325,1
,0
,0
,0
,0
,0
2331,1
2332,1
2333,1
,0
,0
2336,1
2337,1
,0
,0
,0
2341,1
,0
2343,1
2344,1
2345,1
2346,1
,0
2348,1
2349,1
2350,1
2351,1
2352,1
,0
2354,1
2355,1
,0
2357,1
2358,1
2359,1
2360,1
2361,1
,0
,0
2364,1
,0
2366,1
2367,1
2368,1
2369,1
,0
,0
2372,1
,0
,0
,0
,0
,0
,0
2379,1
2380,1
2381,1
,0
2383,1
2384,1
2385,1
,0
2387,1
,0
,0
,0
2391,1
,0
2393,1
,0
,0
,0
2397,1
2398,1
,0
2400,1
2401,1
2402,1
2403,1
,0
,0
,0
2407,1
2408,1
2409,1
,0
2411,1
2412,1
2413,1
2414,1
,0
,0
,0
2418,1
2419,1
2420,1
,0
,0
,0
,0
2425,1
,0
2427,1
,0
2429,1
2430,1
2431,1
2432,1
2433,1
2434,1
,0
,0
,0
,0
2439,1
,0
,0
,0
,0
2444,1
2445,1
,0
2447,1
2448,1
2449,1
,0
2451,1
,0
2453,1
,0
,0
2456,1
2457,1
2458,1
,0
2460,1
,0
,0
2463,1
2464,1
2465,1
,0
2467,1
2468,1
2469,1
,0
,0
,0
,0
,0
2475,1
,0
,0
,0
,0
,0
2481,1
2482,1
,0
2484,1
,0
,0
2487,1
,0
,0
2490,1
2491,1
,0
,0
,0
,0
,0
2497,1
,0
2499,1
,0
2501,1
,0
,0
2504,1
2505,1
,0
,0
,0
,0
2510,1
2511,1
2512,1
,0
,0
,0
2516,1
,0
,0
,0
,0
2521,1
2522,1
,0
2524,1
2525,1
,0
,0
,0
2529,1
2530,1
2531,1
2532,1
2533,1
2534,1
2535,1
2536,1
,0
2538,1
2539,1
2540,1
,0
,0
,0
,0
2545,1
2546,1
2547,1
,0
,0
2550,1
2551,1
,0
,0
,0
2555,1
,0
2557,1
2558,1
,0
,0
,0
,0
,0
2564,1
,0
,0
2567,1
,0
2569,1
,0
,0
,0
2573,1
2574,1
2575,1
,0
2577,1
2578,1
,0
,0
,0
2582,1
2583,1
,0
,0
,0
2587,1
,0
,0
2590,1
2591,1
,0
,0
2594,1
,0
,0
,0
,0
,0
,0
2601,1
2602,1
2603,1
2604,1
,0
2606,1
,0
2608,1
,0
,0
2611,1
,0
2613,1
2614,1
,0
,0
2617,1
,0
,0
2620,1
,0
2622,1
,0
2624,1
,0
,0
,0
2628,1
,0
2630,1
2631,1
2632,1
2633,1
2634,1
2635,1
2636,1
2637,1
,0
,0
2640,1
,0
2642,1
2643,1
2644,1
2645,1
,0
,0
,0
2649,1
2650,1
2651,1
2652,1
,0
,0
2655,1
2656,1
2657,1
2658,1
2659,1
,0
,0
,0
2663,1
,0
2665,1
,0
,0
,0
,0
,0
,0
2672,1
,0
2674,1
2675,1
2676,1
2677,1
,0
,0
,0
,0
,0
2683,1
,0
2685,1
2686,1
,0
,0
2689,1
2690,1
,0
,0
2693,1
2694,1
,0
2696,1
,0
2698,1
2699,1
,0
,0
2702,1
,0
2704,1
2705,1
,0
,0
2708,1
,0
,0
2711,1
2712,1
,0
2714,1
2715,1
2716,1
2717,1
2718,1
,0
,0
2721,1
,0
,0
,0
,0
,0
,0
,0
,0
2730,1
,0
,0
2733,1
2734,1
2735,1
2736,1
2737,1
2738,1
2739,1
2740,1
,0
2742,1
2743,1
2744,1
,0
2746,1
2747,1
2748,1
2749,1
2750,1
2751,1
,0
,0
,0
2755,1
,0
,0
2758,1
2759,1
2760,1
2761,1
,0
2763,1
2764,1
2765,1
2766,1
,0
,0
2769,1
2770,1
,0
2772,1
2773,1
2774,1
,0
,0
2777,1
2778,1
2779,1
2780,1
,0
2782,1
2783,1
2784,1
2785,1
,0
2787,1
2788,1
2789,1
,0
2791,1
2792,1
2793,1
,0
,0
,0
,0
2798,1
,0
,0
,0
2802,1
,0
,0
,0
2806,1
2807,1
,0
,0
2810,1
,0
,0
2813,1
,0
2815,1
,0
2817,1
2818,1
2819,1
,0
2821,1
2822,1
,0
,0
,0
2826,1
,0
,0
,0
2830,1
,0
,0
2833,1
,0
2835,1
,0
2837,1
2838,1
2839,1
2840,1
,0
2842,1
2843,1
2844,1
2845,1
2846,1
,0
2848,1
,0
,0
2851,1
,0
2853,1
2854,1
2855,1
2856,1
,0
2858,1
,0
,0
2861,1
,0
2863,1
2864,1
,0
,0
,0
2868,1
2869,1
2870,1
,0
2872,1
,0
,0
,0
2876,1
2877,1
,0
,0
,0
2881,1
2882,1
2883,1
2884,1
,0
,0
,0
2888,1
,0
2890,1
2891,1
,0
2893,1
2894,1
2895,1
2896,1
2897,1
2898,1
,0
2900,1
,0
2902,1
2903,1
,0
,0
,0
2907,1
2908,1
2909,1
2910,1
,0
,0
2913,1
2914,1
,0
2916,1
,0
2918,1
,0
,0
2921,1
2922,1
,0
,0
2925,1
2926,1
2927,1
2928,1
2929,1
2930,1
2931,1
2932,1
2933,1
,0
2935,1
,0
2937,1
2938,1
2939,1
2940,1
,0
2942,1
,0
2944,1
2945,1
2946,1
,0
2948,1
2949,1
,0
,0
,0
2953,1
,0
2955,1
2956,1
,0
2958,1
,0
2960,1
,0
2962,1
2963,1
2964,1
,0
,0
,0
,0
,0
2970,1
2971,1
2972,1
2973,1
,0
2975,1
2976,1
,0
,0
2979,1
2980,1
,0
,0
2983,1
2984,1
2985,1
2986,1
2987,1
2988,1
,0
,0
2991,1
2992,1
2993,1
2994,1
,0
2996,1
2997,1
2998,1
2999,1
,0
3001,1
,0
,0
,0
3005,1
3006,1
3007,1
,0
3009,1
3010,1
3011,1
3012,1
3013,1
,0
3015,1
3016,1
,0
,0
3019,1
,0
,0
3022,1
,0
,0
,0
3026,1
3027,1
,0
3029,1
,0
3031,1
,0
3033,1
3034,1
3035,1
,0
3037,1
3038,1
3039,1
,0
3041,1
,0
3043,1
3044,1
3045,1
,0
,0
3048,1
3049,1
3050,1
3051,1
,0
,0
3054,1
,0
,0
3057,1
,0
,0
,0
3061,1
3062,1
,0
,0
,0
3066,1
,0
3068,1
3069,1
3070,1
,0
3072,1
3073,1
,0
3075,1
3076,1
,0
3078,1
,0
,0
3081,1
,0
3083,1
3084,1
3085,1
,0
3087,1
,0
3089,1
3090,1
,0
3092,1
3093,1
3094,1
,0
3096,1
,0
3098,1
,0
,0
,0
3102,1
,0
,0
,0
3106,1
,0
,0
,0
,0
3111,1
,0
,0
3114,1
3115,1
,0
3117,1
3118,1
,0
3120,1
3121,1
,0
3123,1
3124,1
3125,1
3126,1
,0
3128,1
,0
,0
,0
,0
3133,1
,0
3135,1
3136,1
3137,1
,0
3139,1
,0
,0
3142,1
,0
3144,1
,0
3146,1
3147,1
,0
,0
3150,1
3151,1
,0
,0
,0
,0
,0
,0
,0
3159,1
,0
3161,1
,0
3163,1
,0
,0
3166,1
,0
3168,1
3169,1
3170,1
3171,1
3172,1
3173,1
3174,1
3175,1
3176,1
,0
,0
3179,1
3180,1
3181,1
3182,1
,0
,0
,0
3186,1
,0
,0
3189,1
3190,1
,0
,0
3193,1
,0
,0
,0
,0
,0
3199,1
3200,1
3201,1
,0
3203,1
3204,1
,0
3206,1
3207,1
,0
,0
,0
,0
3212,1
,0
,0
,0
3216,1
3217,1
,0
,0
,0
,0
3222,1
,0
,0
3225,1
,0
,0
,0
3229,1
3230,1
3231,1
3232,1
3233,1
,0
,0
3236,1
3237,1
3238,1
,0
,0
3241,1
3242,1
,0
3244,1
,0
3246,1
3247,1
3248,1
,0
3250,1
,0
,0
3253,1
,0
,0
3256,1
3257,1
,0
3259,1
,0
3261,1
,0
,0
,0
,0
3266,1
3267,1
3268,1
3269,1
3270,1
3271,1
3272,1
3273,1
,0
,0
3276,1
,0
3278,1
,0
,0
3281,1
3282,1
,0
3284,1
,0
,0
3287,1
,0
3289,1
,0
3291,1
,0
,0
,0
3295,1
,0
,0
3298,1
,0
3300,1
3301,1
,0
3303,1
3304,1
,0
,0
3307,1
,0
,0
,0
3311,1
,0
3313,1
,0
3315,1
,0
,0
,0
,0
3320,1
,0
3322,1
3323,1
3324,1
,0
,0
,0
,0
3329,1
,0
3331,1
,0
,0
,0
3335,1
3336,1
3337,1
,0
3339,1
,0
3341,1
3342,1
3343,1
3344,1
3345,1
,0
3347,1
,0
,0
,0
,0
3352,1
,0
,0
,0
,0
,0
,0
3359,1
3360,1
3361,1
,0
,0
3364,1
3365,1
,0
3367,1
3368,1
,0
3370,1
,0
,0
,0
3374,1
3375,1
3376,1
,0
3378,1
,0
,0
3381,1
3382,1
,0
3384,1
,0
3386,1
3387,1
,0
3389,1
,0
,0
3392,1
3393,1
3394,1
,0
3396,1
3397,1
3398,1
3399,1
3400,1
,0
,0
3403,1
3404,1
,0
3406,1
3407,1
3408,1
,0
,0
3411,1
,0
,0
,0
,0
,0
3417,1
3418,1
3419,1
3420,1
3421,1
3422,1
3423,1
,0
,0
3426,1
3427,1
,0
3429,1
3430,1
,0
,0
,0
3434,1
3435,1
,0
3437,1
3438,1
,0
3440,1
,0
3442,1
3443,1
3444,1
3445,1
3446,1
,0
,0
,0
,0
3451,1
3452,1
3453,1
3454,1
3455,1
3456,1
3457,1
3458,1
3459,1
3460,1
3461,1
,0
3463,1
,0
,0
3466,1
,0
3468,1
3469,1
3470,1
,0
,0
,0
3474,1
3475,1
3476,1
3477,1
,0
3479,1
3480,1
,0
3482,1
,0
,0
,0
3486,1
3487,1
,0
3489,1
3490,1
3491,1
3492,1
3493,1
3494,1
,0
,0
3497,1
,0
3499,1
,0
3501,1
3502,1
,0
3504,1
,0
,0
,0
3508,1
,0
3510,1
,0
,0
3513,1
,0
,0
,0
3517,1
,0
3519,1
,0
,0
,0
,0
,0
,0
,0
,0
,0
3529,1
3530,1
3531,1
,0
3533,1
,0
3535,1
3536,1
,0
,0
3539,1
3540,1
,0
,0
3543,1
3544,1
3545,1
3546,1
,0
3548,1
,0
,0
3551,1
,0
3553,1
,0
,0
3556,1
3557,1
3558,1
3559,1
3560,1
3561,1
3562,1
,0
,0
,0
,0
3567,1
,0
3569,1
3570,1
3571,1
,0
,0
3574,1
,0
3576,1
3577,1
3578,1
,0
3580,1
3581,1
,0
3583,1
3584,1
3585,1
3586,1
,0
,0
,0
,0
,0
,0
,0
,0
,0
3596,1
,0
,0
3599,1
3600,1
3601,1
,0
,0
3604,1
3605,1
,0
3607,1
,0
,0
3610,1
,0
3612,1
3613,1
3614,1
,0
,0
3617,1
3618,1
3619,1
3620,1
,0
3622,1
,0
,0
,0
,0
,0
3628,1
,0
,0
3631,1
,0
,0
,0
3635,1
3636,1
3637,1
,0
,0
,0
,0
,0
,0
,0
3645,1
3646,1
3647,1
3648,1
3649,1
,0
3651,1
3652,1
3653,1
,0
,0
,0
3657,1
3658,1
3659,1
,0
3661,1
3662,1
,0
,0
3665,1
,0
3667,1
3668,1
3669,1
3670,1
,0
,0
,0
3674,1
,0
3676,1
3677,1
3678,1
,0
,0
,0
3682,1
3683,1
,0
,0
,0
3687,1
,0
3689,1
,0
,0
3692,1
3693,1
3694,1
,0
,0
,0
3698,1
3699,1
,0
3701,1
3702,1
,0
3704,1
,0
,0
3707,1
,0
,0
3710,1
3711,1
3712,1
,0
,0
,0
3716,1
,0
,0
,0
,0
,0
3722,1
,0
,0
,0
,0
3727,1
,0
3729,1
,0
3731,1
3732,1
,0
,0
3735,1
3736,1
3737,1
,0
,0
3740,1
,0
3742,1
,0
3744,1
,0
,0
3747,1
3748,1
3749,1
3750,1
,0
3752,1
,0
3754,1
3755,1
,0
3757,1
,0
3759,1
,0
3761,1
,0
,0
,0
,0
3766,1
3767,1
3768,1
,0
3770,1
3771,1
3772,1
,0
3774,1
3775,1
,0
3777,1
,0
3779,1
3780,1
3781,1
3782,1
,0
3784,1
3785,1
3786,1
,0
3788,1
3789,1
3790,1
,0
,0
,0
,0
,0
3796,1
,0
3798,1
,0
3800,1
3801,1
3802,1
,0
,0
,0
3806,1
,0
,0
3809,1
3810,1
3811,1
,0
3813,1
3814,1
,0
3816,1
,0
3818,1
3819,1
,0
,0
3822,1
3823,1
,0
,0
,0
3827,1
,0
,0
,0
3831,1
,0
,0
3834,1
,0
3836,1
,0
,0
,0
3840,1
,0
,0
3843,1
3844,1
,0
3846,1
3847,1
3848,1
3849,1
,0
,0
,0
3853,1
,0
,0
,0
3857,1
3858,1
3859,1
3860,1
,0
,0
,0
3864,1
3865,1
3866,1
3867,1
3868,1
,0
3870,1
,0
,0
,0
,0
3875,1
,0
3877,1
3878,1
,0
3880,1
3881,1
,0
,0
,0
,0
,0
,0
,0
3889,1
3890,1
3891,1
3892,1
,0
3894,1
3895,1
,0
3897,1
3898,1
,0
3900,1
3901,1
3902,1
,0
3904,1
,0
,0
,0
3908,1
3909,1
,0
,0
3912,1
3913,1
3914,1
3915,1
,0
,0
3918,1
,0
3920,1
,0
3922,1
3923,1
,0
,0
3926,1
,0
3928,1
,0
3930,1
3931,1
,0
,0
,0
,0
,0
,0
3938,1
,0
3940,1
3941,1
,0
,0
,0
,0
,0
3947,1
3948,1
,0
,0
,0
3952,1
3953,1
3954,1
,0
3956,1
,0
3958,1
,0
,0
,0
,0
3963,1
,0
3965,1
,0
3967,1
,0
,0
,0
,0
3972,1
,0
,0
3975,1
,0
3977,1
3978,1
3979,1
3980,1
,0
3982,1
,0
3984,1
,0
,0
3987,1
3988,1
3989,1
3990,1
,0
,0
,0
3994,1
3995,1
,0
,0
3998,1
,0
,0
4001,1
,0
,0
,0
4005,1
,0
4007,1
,0
4009,1
4010,1
,0
4012,1
,0
4014,1
4015,1
4016,1
4017,1
4018,1
,0
4020,1
4021,1
,0
,0
,0
4025,1
4026,1
,0
,0
4029,1
,0
4031,1
,0
,0
4034,1
4035,1
,0
4037,1
,0
,0
,0
4041,1
4042,1
,0
4044,1
,0
4046,1
,0
,0
4049,1
4050,1
4051,1
4052,1
4053,1
4054,1
,0
4056,1
,0
,0
4059,1
,0
,0
,0
,0
,0
,0
4066,1
4067,1
,0
,0
,0
,0
4072,1
,0
,0
,0
4076,1
4077,1
,0
4079,1
,0
,0
4082,1
4083,1
4084,1
,0
4086,1
4087,1
,0
4089,1
,0
4091,1
4092,1
4093,1
,0
4095,1
4096,1
,0
,0
,0
4100,1
,0
4102,1
,0
,0
,0
4106,1
4107,1
,0
,0
4110,1
,0
4112,1
4113,1
4114,1
,0
4116,1
,0
,0
,0
,0
4121,1
4122,1
4123,1
,0
4125,1
4126,1
4127,1
,0
4129,1
4130,1
,0
4132,1
4133,1
4134,1
4135,1
,0
4137,1
4138,1
4139,1
4140,1
4141,1
,0
4143,1
4144,1
,0
,0
4147,1
4148,1
4149,1
4150,1
,0
4152,1
4153,1
4154,1
,0
4156,1
,0
,0
,0
4160,1
,0
,0
,0
,0
,0
4166,1
4167,1
4168,1
4169,1
,0
,0
4172,1
4173,1
4174,1
,0
,0
,0
,0
4179,1
4180,1
4181,1
,0
,0
4184,1
,0
4186,1
4187,1
4188,1
,0
,0
,0
,0
4193,1
,0
,0
4196,1
4197,1
4198,1
4199,1
,0
,0
4202,1
4203,1
,0
,0
,0
4207,1
4208,1
4209,1
,0
4211,1
,0
4213,1
4214,1
,0
4216,1
,0
,0
,0
4220,1
,0
,0
,0
,0
,0
,0
4227,1
,0
4229,1
,0
4231,1
,0
,0
4234,1
4235,1
,0
4237,1
4238,1
4239,1
4240,1
4241,1
4242,1
,0
4244,1
,0
4246,1
,0
4248,1
,0
,0
4251,1
,0
4253,1
4254,1
4255,1
,0
,0
,0
,0
,0
,0
,0
,0
4264,1
,0
4266,1
4267,1
4268,1
4269,1
,0
,0
4272,1
,0
4274,1
,0
4276,1
,0
,0
,0
4280,1
,0
4282,1
4283,1
4284,1
,0
,0
,0
,0
,0
4290,1
4291,1
4292,1
4293,1
,0
4295,1
,0
4297,1
,0
4299,1
,0
4301,1
4302,1
4303,1
4304,1
4305,1
4306,1
,0
,0
,0
,0
4311,1
,0
4313,1
4314,1
,0
,0
,0
4318,1
,0
4320,1
,0
4322,1
4323,1
,0
,0
,0
,0
,0
,0
4330,1
4331,1
,0
4333,1
,0
,0
4336,1
,0
4338,1
,0
,0
4341,1
4342,1
,0
,0
,0
,0
4347,1
4348,1
,0
4350,1
4351,1
4352,1
,0
4354,1
,0
,0
,0
4358,1
,0
4360,1
,0
,0
,0
,0
,0
,0
4367,1
,0
4369,1
,0
,0
,0
4373,1
,0
4375,1
,0
4377,1
4378,1
4379,1
,0
4381,1
4382,1
,0
4384,1
,0
4386,1
4387,1
,0
4389,1
4390,1
,0
,0
,0
,0
,0
4396,1
4397,1
4398,1
4399,1
4400,1
4401,1
,0
,0
4404,1
4405,1
4406,1
4407,1
,0
4409,1
4410,1
,0
,0
,0
4414,1
4415,1
4416,1
4417,1
,0
,0
,0
,0
,0
4423,1
4424,1
,0
,0
4427,1
4428,1
,0
,0
4431,1
,0
,0
,0
4435,1
4436,1
4437,1
,0
,0
,0
4441,1
4442,1
4443,1
,0
,0
,0
,0
,0
4449,1
4450,1
4451,1
4452,1
,0
,0
4455,1
,0
4457,1
,0
4459,1
4460,1
,0
,0
4463,1
4464,1
4465,1
4466,1
4467,1
4468,1
4469,1
4470,1
4471,1
,0
4473,1
,0
,0
4476,1
,0
,0
,0
4480,1
4481,1
,0
,0
4484,1
4485,1
,0
4487,1
4488,1
4489,1
,0
,0
,0
4493,1
,0
,0
,0
4497,1
,0
4499,1
,0
,0
4502,1
,0
,0
,0
4506,1
4507,1
4508,1
,0
4510,1
4511,1
4512,1
4513,1
4514,1
,0
,0
,0
4518,1
4519,1
4520,1
4521,1
,0
,0
,0
4525,1
,0
,0
,0
4529,1
,0
,0
,0
4533,1
,0
4535,1
4536,1
4537,1
,0
4539,1
,0
4541,1
4542,1
,0
,0
4545,1
,0
4547,1
4548,1
,0
4550,1
4551,1
,0
,0
4554,1
4555,1
4556,1
,0
,0
4559,1
4560,1
4561,1
,0
4563,1
,0
,0
4566,1
,0
,0
4569,1
4570,1
4571,1
,0
4573,1
,0
4575,1
4576,1
,0
4578,1
,0
4580,1
4581,1
,0
,0
,0
4585,1
,0
4587,1
,0
4589,1
,0
4591,1
4592,1
4593,1
4594,1
4595,1
,0
4597,1
,0
,0
4600,1
4601,1
4602,1
4603,1
,0
,0
,0
4607,1
,0
4609,1
,0
4611,1
4612,1
,0
4614,1
4615,1
,0
,0
4618,1
,0
,0
4621,1
,0
,0
,0
,0
,0
,0
,0
4629,1
4630,1
,0
4632,1
,0
4634,1
,0
4636,1
4637,1
,0
,0
,0
,0
,0
,0
,0
,0
4646,1
4647,1
,0
4649,1
4650,1
,0
,0
,0
,0
,0
4656,1
4657,1
,0
4659,1
4660,1
,0
4662,1
4663,1
4664,1
4665,1
,0
,0
,0
,0
,0
,0
,0
4673,1
,0
,0
4676,1
4677,1
,0
4679,1
4680,1
,0
,0
,0
,0
,0
4686,1
4687,1
,0
4689,1
,0
4691,1
,0
4693,1
,0
4695,1
4696,1
4697,1
4698,1
,0
,0
,0
,0
,0
,0
,0
4706,1
,0
,0
4709,1
4710,1
,0
,0
4713,1
,0
4715,1
4716,1
4717,1
,0
,0
4720,1
,0
4722,1
4723,1
4724,1
4725,1
4726,1
,0
4728,1
4729,1
,0
,0
,0
4733,1
,0
,0
,0
4737,1
4738,1
,0
,0
4741,1
4742,1
4743,1
,0
4745,1
4746,1
4747,1
,0
4749,1
,0
4751,1
4752,1
,0
,0
4755,1
,0
,0
,0
4759,1
4760,1
,0
4762,1
,0
,0
4765,1
,0
4767,1
4768,1
,0
,0
,0
,0
4773,1
4774,1
,0
,0
,0
4778,1
4779,1
4780,1
4781,1
,0
4783,1
,0
4785,1
4786,1
4787,1
4788,1
,0
,0
4791,1
4792,1
4793,1
,0
,0
,0
4797,1
,0
4799,1
4800,1
,0
,0
4803,1
,0
4805,1
4806,1
4807,1
4808,1
,0
,0
,0
4812,1
4813,1
,0
,0
,0
,0
,0
,0
4820,1
4821,1
,0
,0
,0
,0
4826,1
,0
4828,1
,0
,0
,0
,0
4833,1
,0
,0
,0
4837,1
,0
4839,1
4840,1
4841,1
4842,1
,0
,0
,0
4846,1
,0
,0
,0
4850,1
,0
4852,1
,0
4854,1
4855,1
,0
4857,1
,0
4859,1
4860,1
,0
4862,1
4863,1
,0
,0
4866,1
4867,1
4868,1
,0
,0
,0
4872,1
,0
,0
,0
4876,1
4877,1
,0
,0
4880,1
,0
,0
,0
,0
,0
4886,1
,0
4888,1
,0
,0
,0
4892,1
,0
,0
,0
,0
,0
4898,1
,0
4900,1
,0
4902,1
4903,1
,0
,0
4906,1
,0
,0
,0
4910,1
4911,1
,0
,0
4914,1
4915,1
4916,1
4917,1
4918,1
,0
,0
,0
,0
4923,1
4924,1
4925,1
4926,1
,0
,0
4929,1
,0
4931,1
4932,1
4933,1
4934,1
,0
,0
4937,1
4938,1
4939,1
,0
,0
4942,1
,0
4944,1
4945,1
4946,1
,0
4948,1
,0
,0
,0
4952,1
,0
,0
4955,1
,0
4957,1
,0
4959,1
4960,1
,0
,0
,0
4964,1
,0
4966,1
4967,1
,0
,0
,0
,0
,0
4973,1
,0
4975,1
4976,1
4977,1
,0
4979,1
4980,1
,0
4982,1
4983,1
4984,1
,0
4986,1
,0
4988,1
,0
,0
,0
,0
4993,1
,0
4995,1
4996,1
4997,1
,0
4999,1
5000,1
,0
5002,1
,0
,0
,0
5006,1
5007,1
,0
,0
,0
5011,1
5012,1
,0
5014,1
,0
5016,1
,0
5018,1
,0
,0
,0
5022,1
5023,1
5024,1
5025,1
,0
,0
5028,1
5029,1
5030,1
5031,1
5032,1
5033,1
5034,1
,0
,0
,0
5038,1
,0
,0
5041,1
5042,1
5043,1
5044,1
,0
5046,1
5047,1
5048,1
,0
,0
5051,1
,0
5053,1
5054,1
,0
,0
5057,1
,0
,0
,0
,0
,0
5063,1
5064,1
,0
,0
,0
5068,1
5069,1
5070,1
,0
,0
,0
,0
5075,1
5076,1
5077,1
,0
,0
,0
5081,1
,0
5083,1
,0
5085,1
5086,1
,0
,0
,0
5090,1
5091,1
,0
5093,1
5094,1
,0
5096,1
,0
5098,1
5099,1
,0
,0
,0
,0
5104,1
,0
5106,1
5107,1
5108,1
5109,1
5110,1
5111,1
5112,1
5113,1
5114,1
,0
,0
5117,1
5118,1
,0
5120,1
,0
5122,1
5123,1
5124,1
,0
5126,1
5127,1
5128,1
,0
5130,1
,0
5132,1
,0
5134,1
,0
5136,1
,0
5138,1
5139,1
5140,1
5141,1
5142,1
,0
5144,1
5145,1
5146,1
,0
5148,1
5149,1
5150,1
,0
5152,1
,0
5154,1
,0
,0
5157,1
,0
5159,1
5160,1
5161,1
,0
,0
5164,1
,0
,0
5167,1
,0
5169,1
,0
,0
,0
,0
5174,1
5175,1
,0
,0
,0
5179,1
5180,1
,0
5182,1
,0
,0
,0
,0
,0
5188,1
5189,1
,0
,0
5192,1
,0
5194,1
5195,1
,0
5197,1
5198,1
,0
5200,1
,0
,0
,0
,0
,0
5206,1
5207,1
5208,1
,0
5210,1
5211,1
5212,1
,0
,0
5215,1
5216,1
5217,1
5218,1
5219,1
,0
,0
,0
,0
5224,1
,0
5226,1
5227,1
,0
,0
5230,1
5231,1
5232,1
5233,1
5234,1
5235,1
5236,1
,0
,0
,0
,0
,0
,0
5243,1
,0
5245,1
5246,1
,0
5248,1
5249,1
,0
,0
,0
,0
,0
,0
5256,1
5257,1
5258,1
5259,1
5260,1
5261,1
,0
,0
5264,1
5265,1
5266,1
5267,1
5268,1
5269,1
,0
,0
5272,1
,0
5274,1
5275,1
,0
5277,1
5278,1
5279,1
5280,1
,0
,0
,0
5284,1
5285,1
,0
,0
5288,1
5289,1
,0
,0
,0
,0
5294,1
5295,1
,0
5297,1
,0
,0
,0
,0
,0
5303,1
5304,1
5305,1
,0
5307,1
,0
5309,1
,0
5311,1
5312,1
,0
,0
5315,1
,0
,0
,0
,0
,0
,0
5322,1
5323,1
,0
5325,1
5326,1
5327,1
,0
,0
5330,1
,0
,0
,0
,0
,0
,0
,0
5338,1
,0
,0
,0
5342,1
,0
,0
5345,1
,0
,0
,0
5349,1
,0
,0
,0
,0
,0
5355,1
5356,1
5357,1
,0
5359,1
,0
5361,1
5362,1
5363,1
5364,1
5365,1
,0
,0
,0
5369,1
,0
,0
,0
,0
,0
,0
5376,1
,0
5378,1
5379,1
5380,1
5381,1
5382,1
5383,1
,0
5385,1
5386,1
5387,1
,0
5389,1
,0
5391,1
5392,1
5393,1
,0
5395,1
5396,1
,0
5398,1
5399,1
,0
5401,1
5402,1
5403,1
5404,1
5405,1
5406,1
,0
5408,1
,0
5410,1
5411,1
5412,1
5413,1
5414,1
5415,1
,0
5417,1
,0
,0
5420,1
,0
5422,1
,0
5424,1
,0
,0
,0
5428,1
,0
5430,1
5431,1
,0
5433,1
,0
,0
5436,1
,0
5438,1
,0
5440,1
,0
5442,1
5443,1
5444,1
,0
,0
,0
5448,1
5449,1
5450,1
5451,1
5452,1
,0
,0
5455,1
,0
,0
,0
5459,1
,0
5461,1
,0
5463,1
5464,1
,0
5466,1
,0
,0
,0
5470,1
,0
5472,1
,0
,0
5475,1
,0
5477,1
5478,1
,0
5480,1
,0
,0
5483,1
5484,1
,0
,0
5487,1
5488,1
,0
5490,1
,0
,0
5493,1
5494,1
5495,1
5496,1
5497,1
,0
5499,1
5500,1
,0
,0
5503,1
,0
,0
,0
,0
,0
5509,1
,0
,0
5512,1
5513,1
,0
,0
,0
5517,1
,0
,0
5520,1
5521,1
5522,1
,0
,0
,0
,0
,0
,0
,0
5530,1
5531,1
5532,1
5533,1
5534,1
5535,1
,0
5537,1
5538,1
5539,1
5540,1
5541,1
,0
5543,1
,0
5545,1
5546,1
,0
,0
5549,1
,0
5551,1
5552,1
,0
5554,1
,0
5556,1
5557,1
,0
5559,1
,0
,0
,0
5563,1
,0
5565,1
5566,1
5567,1
5568,1
5569,1
,0
5571,1
,0
5573,1
5574,1
5575,1
,0
5577,1
5578,1
,0
5580,1
5581,1
5582,1
,0
5584,1
5585,1
,0
,0
,0
5589,1
5590,1
,0
5592,1
,0
5594,1
5595,1
5596,1
5597,1
5598,1
,0
5600,1
,0
,0
5603,1
5604,1
,0
5606,1
,0
5608,1
,0
,0
,0
,0
,0
5614,1
,0
5616,1
5617,1
5618,1
5619,1
,0
,0
,0
,0
5624,1
5625,1
,0
,0
,0
5629,1
,0
5631,1
,0
,0
,0
,0
5636,1
5637,1
,0
5639,1
5640,1
,0
,0
5643,1
5644,1
5645,1
,0
5647,1
,0
,0
,0
5651,1
5652,1
5653,1
5654,1
5655,1
5656,1
5657,1
,0
5659,1
,0
,0
5662,1
,0
5664,1
5665,1
5666,1
,0
,0
5669,1
5670,1
,0
5672,1
,0
5674,1
5675,1
,0
5677,1
5678,1
,0
,0
5681,1
5682,1
5683,1
5684,1
5685,1
5686,1
5687,1
5688,1
5689,1
5690,1
5691,1
5692,1
5693,1
,0
,0
5696,1
,0
,0
,0
,0
5701,1
,0
5703,1
5704,1
,0
5706,1
5707,1
,0
,0
5710,1
5711,1
,0
,0
,0
,0
5716,1
5717,1
5718,1
5719,1
,0
5721,1
5722,1
5723,1
,0
,0
5726,1
5727,1
5728,1
,0
,0
,0
,0
5733,1
,0
5735,1
5736,1
5737,1
,0
5739,1
,0
,0
5742,1
,0
,0
,0
5746,1
5747,1
,0
,0
,0
,0
5752,1
,0
5754,1
,0
5756,1
,0
5758,1
5759,1
5760,1
5761,1
5762,1
,0
,0
,0
,0
,0
,0
,0
5770,1
,0
5772,1
,0
5774,1
5775,1
,0
5777,1
5778,1
5779,1
5780,1
5781,1
5782,1
,0
5784,1
5785,1
5786,1
5787,1
,0
,0
,0
,0
5792,1
,0
,0
,0
5796,1
5797,1
,0
5799,1
5800,1
5801,1
5802,1
,0
,0
5805,1
5806,1
,0
5808,1
,0
,0
,0
,0
,0
,0
5815,1
,0
,0
,0
,0
,0
,0
5822,1
5823,1
5824,1
5825,1
,0
5827,1
5828,1
5829,1
,0
5831,1
5832,1
,0
5834,1
,0
5836,1
5837,1
,0
,0
,0
,0
5842,1
5843,1
,0
5845,1
5846,1
,0
,0
5849,1
,0
,0
,0
5853,1
5854,1
5855,1
5856,1
,0
5858,1
5859,1
,0
,0
,0
5863,1
5864,1
,0
,0
5867,1
5868,1
,0
5870,1
5871,1
5872,1
,0
,0
,0
5876,1
,0
,0
,0
5880,1
5881,1
,0
5883,1
,0
5885,1
,0
,0
5888,1
5889,1
5890,1
5891,1
5892,1
,0
5894,1
5895,1
,0
5897,1
,0
,0
5900,1
5901,1
,0
5903,1
5904,1
5905,1
5906,1
5907,1
,0
5909,1
5910,1
5911,1
,0
5913,1
5914,1
5915,1
5916,1
5917,1
,0
,0
,0
,0
,0
,0
5924,1
5925,1
5926,1
5927,1
5928,1
,0
,0
5931,1
,0
,0
5934,1
5935,1
5936,1
,0
5938,1
5939,1
,0
5941,1
5942,1
,0
5944,1
,0
,0
,0
,0
,0
,0
,0
,0
,0
,0
5955,1
,0
5957,1
,0
,0
,0
5961,1
5962,1
,0
5964,1
,0
,0
,0
,0
5969,1
,0
,0
5972,1
5973,1
,0
5975,1
5976,1
5977,1
,0
,0
5980,1
5981,1
,0
5983,1
,0
5985,1
5986,1
5987,1
5988,1
5989,1
5990,1
5991,1
5992,1
5993,1
5994,1
5995,1
5996,1
5997,1
,0
5999,1
6000,1
,0
6002,1
,0
,0
6005,1
,0
6007,1
6008,1
6009,1
,0
,0
6012,1
,0
6014,1
,0
6016,1
,0
,0
6019,1
,0
,0
6022,1
6023,1
,0
,0
,0
,0
6028,1
6029,1
6030,1
6031,1
6032,1
6033,1
,0
,0
,0
,0
,0
6039,1
6040,1
6041,1
6042,1
,0
,0
,0
6046,1
,0
,0
6049,1
,0
,0
,0
,0
6054,1
6055,1
,0
,0
,0
6059,1
,0
6061,1
,0
6063,1
,0
,0
,0
,0
6068,1
,0
6070,1
6071,1
6072,1
,0
,0
6075,1
6076,1
6077,1
,0
,0
,0
,0
6082,1
6083,1
6084,1
,0
,0
,0
,0
,0
6090,1
,0
6092,1
6093,1
6094,1
,0
,0
,0
6098,1
,0
6100,1
6101,1
6102,1
,0
,0
6105,1
,0
6107,1
,0
,0
,0
,0
,0
,0
,0
,0
,0
,0
,0
,0
6120,1
6121,1
,0
,0
,0
,0
6126,1
6127,1
6128,1
6129,1
,0
,0
,0
,0
,0
,0
,0
,0
,0
6139,1
6140,1
,0
,0
6143,1
,0
,0
6146,1
6147,1
6148,1
,0
6150,1
,0
6152,1
,0
,0
,0
,0
,0
6158,1
6159,1
,0
6161,1
,0
,0
,0
,0
,0
,0
,0
6169,1
6170,1
6171,1
6172,1
,0
6174,1
,0
6176,1
6177,1
6178,1
6179,1
,0
6181,1
6182,1
6183,1
,0
6185,1
6186,1
,0
,0
,0
6190,1
,0
,0
6193,1
,0
,0
6196,1
,0
,0
,0
6200,1
6201,1
,0
,0
6204,1
,0
,0
6207,1
6208,1
6209,1
,0
,0
6212,1
6213,1
6214,1
6215,1
6216,1
,0
,0
,0
,0
6221,1
,0
,0
6224,1
,0
6226,1
,0
,0
6229,1
,0
6231,1
,0
6233,1
,0
,0
,0
,0
6238,1
,0
,0
6241,1
6242,1
6243,1
6244,1
6245,1
,0
,0
,0
6249,1
6250,1
,0
6252,1
,0
,0
6255,1
,0
6257,1
6258,1
6259,1
6260,1
6261,1
,0
,0
,0
6265,1
,0
,0
6268,1
,0
,0
6271,1
6272,1
,0
6274,1
,0
6276,1
,0
,0
,0
,0
,0
6282,1
,0
6284,1
6285,1
6286,1
6287,1
6288,1
6289,1
6290,1
6291,1
6292,1
6293,1
6294,1
,0
6296,1
,0
6298,1
,0
,0
,0
6302,1
,0
,0
6305,1
6306,1
6307,1
,0
6309,1
6310,1
6311,1
,0
,0
6314,1
6315,1
6316,1
,0
,0
,0
6320,1
6321,1
,0
6323,1
6324,1
,0
,0
6327,1
,0
6329,1
,0
,0
6332,1
6333,1
,0
,0
6336,1
6337,1
,0
,0
6340,1
,0
,0
,0
6344,1
,0
6346,1
6347,1
6348,1
6349,1
6350,1
6351,1
6352,1
,0
6354,1
,0
6356,1
6357,1
,0
6359,1
6360,1
,0
6362,1
,0
,0
6365,1
6366,1
6367,1
6368,1
6369,1
6370,1
6371,1
6372,1
,0
,0
,0
,0
,0
,0
6379,1
,0
,0
6382,1
,0
,0
6385,1
6386,1
6387,1
,0
,0
6390,1
,0
6392,1
,0
6394,1
,0
6396,1
6397,1
,0
,0
6400,1
,0
,0
6403,1
6404,1
,0
,0
,0
,0
6409,1
6410,1
,0
,0
6413,1
6414,1
6415,1
,0
6417,1
6418,1
,0
,0
6421,1
,0
6423,1
6424,1
6425,1
,0
6427,1
,0
6429,1
6430,1
6431,1
6432,1
6433,1
6434,1
6435,1
,0
,0
6438,1
6439,1
6440,1
,0
6442,1
6443,1
,0
,0
,0
,0
6448,1
,0
6450,1
,0
6452,1
6453,1
6454,1
6455,1
6456,1
,0
,0
6459,1
,0
6461,1
,0
,0
,0
6465,1
6466,1
6467,1
,0
,0
,0
,0
6472,1
,0
6474,1
,0
,0
6477,1
6478,1
6479,1
6480,1
,0
,0
,0
6484,1
6485,1
6486,1
,0
6488,1
,0
,0
6491,1
6492,1
,0
,0
,0
6496,1
,0
6498,1
6499,1
6500,1
6501,1
,0
,0
,0
,0
6506,1
6507,1
6508,1
6509,1
6510,1
6511,1
,0
,0
6514,1
,0
,0
6517,1
,0
6519,1
,0
,0
6522,1
,0
,0
6525,1
,0
,0
6528,1
6529,1
6530,1
6531,1
6532,1
,0
,0
,0
,0
6537,1
6538,1
6539,1
,0
6541,1
6542,1
,0
6544,1
,0
,0
6547,1
6548,1
6549,1
6550,1
6551,1
,0
,0
6554,1
,0
,0
6557,1
,0
,0
6560,1
,0
,0
,0
,0
,0
,0
6567,1
6568,1
,0
6570,1
6571,1
6572,1
,0
,0
6575,1
6576,1
,0
,0
6579,1
6580,1
,0
6582,1
6583,1
6584,1
,0
,0
,0
,0
,0
6590,1
,0
,0
6593,1
,0
,0
6596,1
,0
6598,1
6599,1
,0
,0
,0
6603,1
,0
,0
6606,1
6607,1
,0
6609,1
6610,1
6611,1
6612,1
6613,1
,0
6615,1
6616,1
,0
6618,1
6619,1
6620,1
6621,1
6622,1
6623,1
6624,1
,0
6626,1
6627,1
6628,1
6629,1
6630,1
,0
,0
,0
6634,1
6635,1
6636,1
6637,1
6638,1
,0
,0
,0
6642,1
6643,1
,0
,0
,0
,0
6648,1
,0
6650,1
,0
,0
,0
,0
6655,1
6656,1
6657,1
,0
6659,1
6660,1
,0
,0
,0
,0
6665,1
6666,1
,0
6668,1
,0
6670,1
,0
6672,1
6673,1
,0
,0
6676,1
6677,1
6678,1
6679,1
6680,1
,0
,0
6683,1
,0
6685,1
,0
,0
6688,1
,0
6690,1
6691,1
,0
,0
,0
6695,1
6696,1
,0
,0
6699,1
,0
,0
6702,1
6703,1
,0
,0
6706,1
,0
,0
6709,1
,0
,0
6712,1
,0
,0
,0
,0
,0
6718,1
,0
,0
6721,1
,0
,0
6724,1
,0
,0
6727,1
,0
6729,1
,0
,0
,0
,0
,0
,0
6736,1
6737,1
6738,1
,0
,0
6741,1
6742,1
,0
6744,1
6745,1
,0
6747,1
,0
6749,1
,0
6751,1
6752,1
6753,1
,0
6755,1
6756,1
6757,1
6758,1
6759,1
6760,1
,0
,0
6763,1
6764,1
,0
6766,1
,0
6768,1
6769,1
,0
6771,1
,0
,0
6774,1
,0
6776,1
6777,1
,0
6779,1
,0
,0
,0
,0
6784,1
6785,1
,0
,0
,0
6789,1
,0
,0
,0
,0
6794,1
6795,1
6796,1
6797,1
,0
,0
,0
6801,1
,0
6803,1
6804,1
6805,1
6806,1
,0
6808,1
6809,1
,0
6811,1
6812,1
6813,1
6814,1
,0
6816,1
6817,1
,0
,0
6820,1
,0
,0
,0
6824,1
,0
6826,1
,0
6828,1
6829,1
,0
,0
,0
6833,1
6834,1
6835,1
,0
6837,1
6838,1
,0
6840,1
,0
6842,1
6843,1
6844,1
,0
,0
6847,1
6848,1
6849,1
6850,1
6851,1
6852,1
6853,1
,0
,0
6856,1
,0
6858,1
,0
,0
,0
,0
,0
,0
,0
6866,1
,0
6868,1
6869,1
,0
,0
6872,1
6873,1
6874,1
,0
,0
,0
,0
6879,1
6880,1
6881,1
,0
,0
6884,1
6885,1
,0
,0
,0
,0
,0
6891,1
6892,1
6893,1
,0
6895,1
,0
,0
6898,1
6899,1
6900,1
6901,1
,0
6903,1
6904,1
6905,1
6906,1
,0
6908,1
6909,1
,0
,0
,0
6913,1
,0
6915,1
6916,1
6917,1
,0
,0
6920,1
6921,1
6922,1
,0
6924,1
6925,1
6926,1
6927,1
6928,1
6929,1
,0
,0
6932,1
,0
6934,1
,0
,0
6937,1
6938,1
6939,1
6940,1
,0
,0
6943,1
6944,1
6945,1
6946,1
,0
,0
6949,1
6950,1
,0
6952,1
6953,1
,0
6955,1
6956,1
,0
,0
6959,1
,0
6961,1
,0
,0
,0
,0
6966,1
6967,1
6968,1
,0
6970,1
,0
6972,1
,0
6974,1
6975,1
6976,1
6977,1
,0
,0
,0
,0
6982,1
6983,1
,0
,0
6986,1
,0
,0
,0
,0
6991,1
6992,1
6993,1
6994,1
6995,1
6996,1
,0
6998,1
,0
,0
7001,1
7002,1
7003,1
7004,1
7005,1
7006,1
7007,1
,0
,0
7010,1
,0
,0
,0
,0
7015,1
,0
,0
7018,1
7019,1
7020,1
7021,1
,0
,0
,0
7025,1
,0
7027,1
,0
,0
,0
7031,1
,0
7033,1
7034,1
,0
,0
,0
7038,1
7039,1
,0
,0
,0
7043,1
7044,1
,0
,0
,0
,0
,0
,0
7051,1
7052,1
7053,1
,0
,0
7056,1
,0
7058,1
,0
7060,1
,0
,0
7063,1
7064,1
,0
7066,1
7067,1
,0
,0
,0
7071,1
7072,1
,0
7074,1
7075,1
,0
7077,1
,0
,0
7080,1
,0
,0
,0
7084,1
,0
7086,1
,0
7088,1
,0
,0
,0
,0
,0
,0
,0
7096,1
7097,1
,0
,0
,0
7101,1
,0
,0
,0
7105,1
,0
7107,1
7108,1
7109,1
7110,1
7111,1
,0
7113,1
7114,1
,0
7116,1
7117,1
,0
,0
,0
7121,1
,0
,0
,0
,0
7126,1
7127,1
,0
7129,1
7130,1
7131,1
,0
,0
,0
,0
7136,1
,0
,0
,0
,0
,0
,0
,0
,0
,0
,0
7147,1
7148,1
7149,1
,0
,0
7152,1
,0
,0
,0
7156,1
7157,1
7158,1
,0
,0
7161,1
,0
7163,1
,0
7165,1
7166,1
,0
7168,1
,0
,0
,0
,0
,0
,0
7175,1
,0
,0
7178,1
7179,1
,0
,0
7182,1
7183,1
7184,1
,0
,0
7187,1
,0
7189,1
,0
,0
7192,1
7193,1
7194,1
7195,1
7196,1
7197,1
,0
7199,1
,0
7201,1
,0
7203,1
,0
7205,1
7206,1
7207,1
7208,1
7209,1
,0
7211,1
,0
7213,1
7214,1
,0
7216,1
,0
7218,1
,0
,0
7221,1
7222,1
7223,1
7224,1
7225,1
,0
7227,1
,0
7229,1
7230,1
7231,1
7232,1
,0
7234,1
,0
,0
,0
7238,1
7239,1
7240,1
,0
7242,1
,0
7244,1
7245,1
7246,1
7247,1
,0
,0
7250,1
,0
7252,1
7253,1
,0
,0
7256,1
7257,1
,0
7259,1
7260,1
,0
,0
7263,1
,0
7265,1
7266,1
7267,1
7268,1
,0
,0
7271,1
7272,1
7273,1
,0
7275,1
7276,1
7277,1
,0
,0
,0
7281,1
7282,1
,0
,0
,0
,0
7287,1
,0
7289,1
,0
,0
7292,1
,0
7294,1
7295,1
,0
,0
7298,1
7299,1
7300,1
,0
7302,1
,0
,0
7305,1
,0
7307,1
,0
,0
7310,1
,0
7312,1
,0
,0
,0
,0
7317,1
7318,1
7319,1
,0
7321,1
,0
7323,1
,0
,0
,0
,0
,0
,0
,0
,0
7332,1
7333,1
,0
,0
7336,1
,0
7338,1
,0
7340,1
,0
7342,1
,0
7344,1
7345,1
,0
7347,1
,0
,0
,0
,0
7352,1
,0
,0
,0
,0
7357,1
,0
,0
,0
,0
7362,1
,0
7364,1
,0
7366,1
7367,1
7368,1
7369,1
,0
7371,1
7372,1
7373,1
7374,1
7375,1
7376,1
,0
7378,1
,0
7380,1
,0
,0
7383,1
,0
7385,1
7386,1
7387,1
,0
,0
7390,1
,0
7392,1
,0
,0
7395,1
,0
,0
7398,1
,0
,0
7401,1
7402,1
7403,1
,0
,0
7406,1
,0
,0
7409,1
7410,1
7411,1
7412,1
7413,1
7414,1
7415,1
,0
,0
7418,1
7419,1
7420,1
7421,1
,0
,0
,0
7425,1
7426,1
,0
,0
,0
7430,1
7431,1
,0
,0
7434,1
,0
7436,1
,0
,0
,0
7440,1
7441,1
,0
7443,1
7444,1
,0
,0
,0
,0
7449,1
,0
7451,1
7452,1
7453,1
,0
7455,1
7456,1
7457,1
7458,1
7459,1
7460,1
,0
,0
,0
7464,1
,0
,0
7467,1
,0
,0
,0
7471,1
7472,1
,0
7474,1
7475,1
,0
,0
,0
,0
,0
7481,1
,0
7483,1
7484,1
7485,1
7486,1
7487,1
7488,1
,0
,0
7491,1
7492,1
,0
,0
,0
7496,1
,0
7498,1
7499,1
,0
7501,1
7502,1
,0
,0
7505,1
7506,1
,0
,0
,0
,0
,0
,0
,0
,0
7515,1
7516,1
,0
7518,1
,0
7520,1
7521,1
,0
,0
7524,1
,0
7526,1
7527,1
7528,1
7529,1
7530,1
7531,1
7532,1
,0
7534,1
,0
,0
7537,1
7538,1
7539,1
7540,1
7541,1
,0
,0
7544,1
7545,1
,0
,0
,0
,0
,0
,0
,0
,0
7554,1
,0
7556,1
7557,1
7558,1
,0
7560,1
7561,1
,0
,0
,0
,0
7566,1
7567,1
7568,1
,0
,0
7571,1
7572,1
7573,1
,0
7575,1
7576,1
,0
,0
,0
,0
7581,1
7582,1
,0
7584,1
7585,1
,0
,0
7588,1
7589,1
7590,1
,0
,0
7593,1
,0
,0
,0
7597,1
,0
7599,1
,0
7601,1
,0
7603,1
,0
7605,1
7606,1
,0
,0
7609,1
7610,1
7611,1
7612,1
7613,1
7614,1
,0
,0
,0
7618,1
,0
,0
,0
7622,1
,0
7624,1
7625,1
7626,1
,0
7628,1
7629,1
7630,1
7631,1
7632,1
7633,1
7634,1
7635,1
,0
7637,1
7638,1
,0
,0
7641,1
,0
7643,1
7644,1
,0
7646,1
,0
,0
7649,1
,0
7651,1
7652,1
,0
,0
,0
,0
7657,1
7658,1
,0
7660,1
,0
,0
,0
,0
,0
,0
,0
7668,1
7669,1
,0
7671,1
7672,1
,0
,0
7675,1
7676,1
7677,1
,0
,0
7680,1
,0
,0
,0
7684,1
,0
7686,1
7687,1
7688,1
,0
7690,1
,0
7692,1
7693,1
,0
,0
7696,1
7697,1
7698,1
7699,1
,0
7701,1
7702,1
,0
,0
7705,1
,0
,0
,0
,0
7710,1
,0
7712,1
7713,1
,0
,0
,0
7717,1
7718,1
7719,1
,0
7721,1
7722,1
7723,1
,0
7725,1
7726,1
7727,1
,0
,0
7730,1
7731,1
,0
,0
,0
7735,1
7736,1
,0
7738,1
7739,1
,0
,0
7742,1
,0
7744,1
7745,1
7746,1
7747,1
,0
,0
7750,1
7751,1
,0
7753,1
7754,1
7755,1
7756,1
,0
,0
7759,1
7760,1
7761,1
7762,1
,0
,0
7765,1
,0
,0
7768,1
7769,1
7770,1
7771,1
7772,1
7773,1
7774,1
7775,1
7776,1
7777,1
7778,1
7779,1
7780,1
7781,1
,0
7783,1
7784,1
,0
7786,1
7787,1
7788,1
7789,1
,0
,0
7792,1
,0
7794,1
,0
7796,1
7797,1
,0
,0
7800,1
7801,1
7802,1
,0
7804,1
7805,1
,0
,0
7808,1
7809,1
7810,1
,0
7812,1
,0
7814,1
,0
,0
,0
7818,1
7819,1
,0
,0
,0
,0
7824,1
7825,1
7826,1
,0
7828,1
,0
7830,1
,0
7832,1
,0
,0
7835,1
,0
7837,1
,0
7839,1
,0
,0
7842,1
,0
7844,1
,0
,0
,0
7848,1
7849,1
,0
7851,1
7852,1
,0
,0
7855,1
7856,1
7857,1
7858,1
7859,1
7860,1
7861,1
7862,1
,0
,0
,0
,0
7867,1
,0
7869,1
7870,1
,0
7872,1
,0
,0
7875,1
,0
,0
,0
,0
,0
7881,1
7882,1
,0
7884,1
,0
7886,1
,0
7888,1
7889,1
7890,1
7891,1
7892,1
7893,1
,0
,0
,0
,0
7898,1
,0
7900,1
7901,1
,0
7903,1
7904,1
7905,1
7906,1
7907,1
,0
7909,1
,0
7911,1
,0
7913,1
,0
,0
7916,1
,0
7918,1
7919,1
7920,1
7921,1
7922,1
,0
7924,1
,0
,0
,0
,0
,0
7930,1
,0
,0
,0
,0
,0
7936,1
7937,1
7938,1
7939,1
7940,1
,0
,0
,0
7944,1
7945,1
7946,1
,0
7948,1
,0
7950,1
,0
,0
7953,1
7954,1
,0
,0
7957,1
7958,1
,0
7960,1
,0
7962,1
,0
7964,1
7965,1
7966,1
,0
,0
,0
7970,1
7971,1
7972,1
,0
7974,1
7975,1
7976,1
,0
7978,1
7979,1
,0
7981,1
,0
,0
,0
,0
,0
7987,1
,0
7989,1
7990,1
,0
,0
7993,1
7994,1
7995,1
7996,1
7997,1
7998,1
,0
8000,1
,0
,0
,0
,0
,0
8006,1
8007,1
8008,1
,0
8010,1
,0
8012,1
,0
,0
8015,1
,0
,0
,0
,0
8020,1
8021,1
,0
,0
,0
,0
,0
8027,1
8028,1
8029,1
8030,1
,0
,0
,0
8034,1
,0
8036,1
8037,1
,0
,0
8040,1
,0
,0
,0
,0
,0
8046,1
,0
,0
8049,1
,0
,0
8052,1
,0
,0
,0
,0
,0
8058,1
,0
,0
8061,1
,0
,0
,0
,0
8066,1
8067,1
8068,1
8069,1
,0
8071,1
8072,1
8073,1
8074,1
,0
,0
8077,1
8078,1
8079,1
,0
,0
8082,1
,0
,0
8085,1
,0
,0
,0
8089,1
8090,1
,0
8092,1
,0
8094,1
,0
8096,1
8097,1
8098,1
8099,1
,0
8101,1
8102,1
,0
,0
,0
,0
8107,1
8108,1
8109,1
8110,1
8111,1
8112,1
,0
8114,1
,0
8116,1
8117,1
,0
8119,1
,0
,0
8122,1
8123,1
8124,1
8125,1
,0
,0
8128,1
,0
8130,1
8131,1
8132,1
8133,1
8134,1
,0
8136,1
8137,1
,0
,0
,0
,0
8142,1
8143,1
8144,1
8145,1
8146,1
8147,1
8148,1
8149,1
8150,1
8151,1
,0
8153,1
8154,1
,0
,0
,0
8158,1
,0
8160,1
,0
8162,1
8163,1
,0
,0
8166,1
,0
8168,1
8169,1
8170,1
8171,1
8172,1
8173,1
8174,1
8175,1
,0
8177,1
8178,1
,0
,0
8181,1
8182,1
8183,1
,0
,0
8186,1
8187,1
,0
8189,1
,0
,0
8192,1
8193,1
8194,1
8195,1
,0
8197,1
8198,1
,0
,0
,0
8202,1
,0
8204,1
8205,1
8206,1
,0
,0
8209,1
8210,1
,0
,0
8213,1
,0
8215,1
,0
,0
8218,1
8219,1
8220,1
8221,1
,0
8223,1
8224,1
8225,1
8226,1
8227,1
8228,1
,0
,0
8231,1
,0
,0
8234,1
8235,1
8236,1
8237,1
,0
8239,1
,0
8241,1
,0
,0
8244,1
,0
8246,1
,0
,0
8249,1
,0
8251,1
8252,1
8253,1
8254,1
,0
,0
8257,1
,0
,0
8260,1
8261,1
,0
,0
,0
8265,1
,0
8267,1
,0
,0
,0
8271,1
8272,1
,0
,0
,0
,0
8277,1
,0
,0
,0
,0
8282,1
8283,1
,0
,0
,0
,0
,0
8289,1
,0
8291,1
,0
,0
,0
,0
8296,1
,0
,0
,0
8300,1
8301,1
8302,1
,0
8304,1
8305,1
8306,1
8307,1
,0
8309,1
,0
,0
,0
8313,1
,0
,0
8316,1
,0
8318,1
8319,1
8320,1
8321,1
8322,1
,0
8324,1
8325,1
8326,1
,0
8328,1
8329,1
,0
,0
8332,1
8333,1
8334,1
,0
8336,1
8337,1
,0
8339,1
8340,1
8341,1
8342,1
,0
8344,1
8345,1
8346,1
,0
8348,1
8349,1
8350,1
,0
8352,1
,0
,0
8355,1
8356,1
8357,1
8358,1
8359,1
,0
,0
8362,1
,0
,0
8365,1
,0
8367,1
8368,1
8369,1
8370,1
8371,1
,0
,0
,0
,0
,0
,0
,0
8379,1
8380,1
8381,1
,0
,0
,0
,0
8386,1
,0
,0
8389,1
8390,1
,0
8392,1
,0
,0
8395,1
8396,1
8397,1
8398,1
8399,1
,0
,0
8402,1
8403,1
8404,1
8405,1
8406,1
8407,1
8408,1
8409,1
8410,1
8411,1
,0
,0
8414,1
8415,1
,0
,0
8418,1
8419,1
8420,1
8421,1
8422,1
8423,1
,0
8425,1
,0
,0
8428,1
,0
8430,1
8431,1
,0
8433,1
8434,1
8435,1
,0
8437,1
8438,1
,0
,0
,0
8442,1
,0
,0
8445,1
8446,1
8447,1
8448,1
,0
8450,1
,0
,0
,0
8454,1
,0
,0
8457,1
,0
8459,1
8460,1
8461,1
,0
,0
,0
8465,1
8466,1
,0
,0
8469,1
,0
,0
,0
8473,1
8474,1
8475,1
,0
,0
8478,1
,0
8480,1
,0
,0
,0
,0
,0
8486,1
,0
,0
8489,1
,0
,0
8492,1
,0
,0
,0
8496,1
8497,1
8498,1
8499,1
8500,1
8501,1
,0
8503,1
,0
8505,1
,0
,0
8508,1
8509,1
,0
,0
8512,1
,0
8514,1
,0
,0
8517,1
,0
8519,1
8520,1
8521,1
,0
,0
,0
8525,1
,0
,0
,0
,0
,0
8531,1
8532,1
8533,1
8534,1
,0
8536,1
,0
8538,1
8539,1
,0
,0
,0
8543,1
,0
,0
,0
8547,1
8548,1
,0
,0
,0
8552,1
8553,1
8554,1
8555,1
8556,1
,0
,0
,0
,0
8561,1
,0
8563,1
8564,1
8565,1
,0
8567,1
,0
8569,1
8570,1
8571,1
8572,1
8573,1
,0
8575,1
8576,1
,0
,0
,0
8580,1
8581,1
,0
,0
8584,1
8585,1
,0
,0
,0
8589,1
8590,1
8591,1
,0
8593,1
,0
8595,1
8596,1
,0
,0
,0
,0
,0
8602,1
8603,1
,0
,0
,0
8607,1
,0
,0
,0
,0
8612,1
8613,1
8614,1
8615,1
,0
8617,1
8618,1
8619,1
,0
8621,1
8622,1
,0
,0
,0
,0
,0
,0
8629,1
,0
8631,1
8632,1
8633,1
8634,1
8635,1
,0
,0
,0
,0
8640,1
,0
,0
8643,1
8644,1
,0
8646,1
,0
,0
,0
,0
8651,1
8652,1
8653,1
,0
,0
8656,1
,0
,0
,0
8660,1
8661,1
8662,1
8663,1
,0
8665,1
,0
,0
8668,1
,0
8670,1
8671,1
,0
8673,1
8674,1
,0
,0
,0
8678,1
,0
8680,1
8681,1
,0
,0
,0
8685,1
,0
,0
,0
8689,1
,0
8691,1
8692,1
8693,1
,0
8695,1
8696,1
8697,1
8698,1
,0
8700,1
,0
8702,1
,0
,0
,0
,0
,0
8708,1
8709,1
,0
8711,1
,0
,0
,0
8715,1
,0
8717,1
8718,1
8719,1
,0
8721,1
8722,1
,0
8724,1
8725,1
8726,1
8727,1
,0
8729,1
,0
8731,1
8732,1
,0
8734,1
8735,1
8736,1
,0
8738,1
8739,1
,0
,0
8742,1
8743,1
8744,1
,0
,0
8747,1
,0
,0
8750,1
,0
,0
8753,1
,0
,0
8756,1
,0
,0
,0
,0
8761,1
,0
,0
8764,1
,0
,0
8767,1
,0
,0
,0
,0
8772,1
8773,1
,0
,0
8776,1
8777,1
8778,1
8779,1
8780,1
,0
,0
8783,1
8784,1
,0
8786,1
,0
,0
,0
8790,1
8791,1
8792,1
8793,1
8794,1
,0
8796,1
8797,1
,0
8799,1
8800,1
8801,1
,0
,0
,0
,0
8806,1
,0
,0
8809,1
8810,1
,0
8812,1
8813,1
,0
8815,1
,0
,0
8818,1
8819,1
,0
8821,1
8822,1
8823,1
8824,1
8825,1
,0
8827,1
,0
,0
,0
8831,1
8832,1
8833,1
8834,1
8835,1
8836,1
8837,1
,0
8839,1
8840,1
8841,1
,0
,0
8844,1
8845,1
8846,1
,0
,0
8849,1
,0
,0
,0
,0
,0
8855,1
8856,1
8857,1
,0
,0
8860,1
8861,1
,0
,0
8864,1
,0
,0
8867,1
,0
,0
,0
,0
,0
8873,1
,0
,0
8876,1
8877,1
,0
8879,1
8880,1
,0
,0
8883,1
8884,1
,0
8886,1
,0
,0
,0
8890,1
8891,1
8892,1
8893,1
,0
,0
,0
,0
8898,1
,0
8900,1
8901,1
,0
8903,1
,0
,0
,0
,0
,0
,0
8910,1
8911,1
8912,1
8913,1
,0
,0
8916,1
8917,1
8918,1
,0
8920,1
8921,1
8922,1
8923,1
8924,1
,0
8926,1
8927,1
,0
,0
,0
8931,1
,0
8933,1
8934,1
,0
8936,1
,0
,0
,0
8940,1
8941,1
8942,1
,0
,0
8945,1
,0
,0
8948,1
,0
,0
8951,1
8952,1
8953,1
8954,1
8955,1
,0
8957,1
,0
,0
,0
8961,1
8962,1
8963,1
,0
8965,1
8966,1
,0
8968,1
8969,1
,0
8971,1
8972,1
,0
,0
,0
,0
8977,1
,0
8979,1
8980,1
8981,1
,0
8983,1
8984,1
,0
,0
,0
,0
,0
8990,1
,0
,0
,0
,0
8995,1
8996,1
8997,1
,0
8999,1
,0
,0
,0
9003,1
9004,1
,0
,0
9007,1
9008,1
9009,1
9010,1
,0
,0
9013,1
9014,1
,0
9016,1
,0
9018,1
9019,1
9020,1
9021,1
9022,1
,0
,0
,0
,0
,0
9028,1
9029,1
9030,1
,0
,0
,0
9034,1
,0
9036,1
,0
9038,1
,0
9040,1
,0
9042,1
9043,1
9044,1
,0
9046,1
9047,1
9048,1
,0
,0
9051,1
,0
,0
,0
,0
9056,1
9057,1
,0
9059,1
,0
9061,1
,0
,0
9064,1
,0
,0
,0
,0
,0
9070,1
,0
9072,1
9073,1
9074,1
,0
9076,1
,0
9078,1
9079,1
9080,1
,0
9082,1
9083,1
,0
,0
,0
,0
9088,1
9089,1
9090,1
,0
,0
9093,1
,0
9095,1
9096,1
9097,1
,0
9099,1
,0
9101,1
9102,1
,0
,0
9105,1
,0
9107,1
,0
,0
,0
,0
,0
9113,1
,0
9115,1
,0
9117,1
,0
9119,1
,0
,0
,0
9123,1
9124,1
,0
,0
9127,1
,0
9129,1
9130,1
,0
,0
,0
,0
,0
,0
9137,1
9138,1
,0
,0
,0
9142,1
9143,1
9144,1
9145,1
9146,1
9147,1
9148,1
,0
,0
9151,1
,0
,0
,0
9155,1
9156,1
9157,1
,0
9159,1
9160,1
9161,1
,0
9163,1
,0
,0
,0
,0
,0
,0
,0
,0
9172,1
,0
,0
,0
9176,1
9177,1
,0
,0
9180,1
,0
9182,1
,0
,0
,0
9186,1
9187,1
,0
9189,1
9190,1
,0
,0
,0
,0
,0
9196,1
,0
9198,1
,0
,0
9201,1
9202,1
,0
9204,1
9205,1
9206,1
,0
9208,1
,0
,0
9211,1
9212,1
9213,1
9214,1
9215,1
,0
9217,1
9218,1
,0
,0
,0
9222,1
9223,1
,0
9225,1
,0
,0
,0
,0
,0
9231,1
,0
,0
9234,1
,0
9236,1
9237,1
,0
9239,1
9240,1
,0
9242,1
9243,1
9244,1
,0
9246,1
,0
,0
9249,1
9250,1
,0
9252,1
,0
,0
,0
,0
,0
9258,1
,0
,0
9261,1
9262,1
,0
9264,1
,0
9266,1
,0
,0
9269,1
9270,1
,0
,0
9273,1
,0
,0
,0
9277,1
,0
,0
,0
9281,1
,0
9283,1
9284,1
,0
9286,1
,0
9288,1
,0
9290,1
9291,1
9292,1
,0
9294,1
9295,1
9296,1
,0
9298,1
9299,1
9300,1
9301,1
9302,1
,0
,0
,0
,0
9307,1
9308,1
,0
9310,1
9311,1
9312,1
9313,1
,0
,0
9316,1
9317,1
9318,1
,0
,0
,0
,0
9323,1
,0
9325,1
9326,1
,0
9328,1
,0
9330,1
,0
,0
,0
9334,1
9335,1
9336,1
9337,1
,0
,0
9340,1
,0
9342,1
9343,1
,0
9345,1
,0
9347,0
,0
9349,0
,0
9351,0
,0
,0
,0
9355,0
,0
9357,0
9358,0
9359,0
,0
,0
,0
,0
,0
,0
,0
9367,0
,0
,0
9370,0
9371,0
9372,0
9373,0
,0
,0
,0
,0
9378,0
9379,0
9380,0
,0
9382,0
,0
,0
,0
9386,0
,0
,0
,0
,0
9391,0
,0
,0
,0
9395,0
9396,0
9397,1
,0
,0
,0
,0
,0
,0
9404,1
9405,1
9406,1
,0
,0
,0
,0
,0
,0
9413,1
,0
9415,1
,0
,0
9418,1
,0
,0
9421,1
9422,1
,0
9424,1
9425,1
9426,1
,0
,0
,0
9430,1
9431,1
,0
,0
,0
,0
9436,1
,0
9438,1
9439,1
9440,1
,0
,0
9443,1
9444,1
,0
,0
,0
9448,1
9449,1
,0
,0
,0
9453,1
9454,1
,0
,0
,0
9458,1
,0
,0
,0
,0
9463,1
9464,1
9465,1
9466,1
9467,1
,0
,0
9470,1
,0
,0
,0
9474,1
9475,1
9476,0
,0
,0
9479,0
9480,0
,0
9482,0
9483,0
9484,0
9485,0
9486,0
9487,0
9488,0
,0
,0
9491,0
9492,0
,0
,0
,0
,0
,0
9498,0
,0
,0
9501,0
9502,0
,0
,0
9505,0
9506,0
,0
9508,0
9509,1
9510,1
9511,1
,0
9513,1
,0
9515,1
,0
,0
9518,1
9519,1
9520,1
,0
,0
,0
9524,1
9525,1
9526,1
9527,1
,0
,0
9530,1
,0
9532,0
,0
,0
9535,0
9536,0
9537,0
,0
,0
,0
9541,0
,0
9543,0
9544,0
,0
9546,0
,0
9548,0
9549,0
9550,0
,0
,0
,0
9554,0
,0
9556,0
,0
9558,0
9559,0
,0
,0
9562,0
9563,0
9564,0
9565,0
,0
9567,0
9568,0
9569,0
,0
9571,0
9572,0
9573,1
9574,1
,0
,0
,0
,0
,0
9580,1
,0
,0
9583,1
,0
9585,1
9586,1
,0
,0
,0
9590,1
9591,1
,0
9593,1
9594,1
9595,1
,0
9597,1
,0
,0
9600,1
9601,1
9602,1
9603,1
,0
9605,1
9606,1
9607,1
,0
9609,1
,0
9611,1
9612,1
9613,1
,0
9615,1
9616,1
9617,1
,0
,0
,0
,0
9622,1
9623,1
,0
,0
,0
,0
9628,1
9629,1
,0
9631,1
9632,1
,0
,0
9635,1
,0
,0
9638,1
9639,1
9640,1
9641,1
9642,1
,0
,0
,0
9646,1
,0
,0
9649,1
9650,1
,0
9652,1
9653,1
,0
9655,1
9656,1
,0
9658,1
,0
,0
,0
,0
,0
9664,1
9665,1
,0
,0
,0
,0
9670,1
9671,1
9672,1
9673,1
,0
,0
,0
9677,1
9678,1
,0
9680,1
,0
,0
,0
9684,1
,0
9686,1
9687,1
,0
,0
9690,1
9691,1
9692,1
9693,1
,0
9695,1
,0
9697,1
,0
9699,1
,0
,0
,0
,0
,0
9705,1
9706,1
,0
,0
,0
,0
,0
,0
9713,1
,0
9715,1
,0
,0
9718,1
,0
,0
,0
9722,1
,0
,0
,0
9726,1
9727,1
,0
9729,1
9730,1
,0
9732,1
,0
9734,1
,0
9736,1
9737,1
,0
,0
9740,1
,0
9742,1
9743,1
9744,1
,0
9746,1
,0
9748,1
9749,1
9750,1
,0
9752,1
9753,1
,0
9755,1
,0
9757,1
,0
,0
9760,1
9761,1
,0
,0
,0
,0
,0
9767,1
9768,1
,0
9770,1
,0
,0
9773,1
,0
,0
9776,1
,0
9778,1
9779,1
,0
9781,1
,0
9783,1
,0
9785,1
9786,1
9787,1
,0
9789,1
,0
9791,1
9792,1
9793,1
9794,1
9795,1
9796,1
9797,1
9798,1
9799,1
9800,1
,0
,0
9803,1
9804,1
9805,1
,0
,0
9808,1
,0
9810,1
,0
9812,1
9813,1
9814,1
,0
9816,1
9817,1
9818,1
,0
9820,1
9821,1
,0
9823,1
9824,1
9825,1
,0
,0
,0
,0
,0
9831,1
,0
9833,1
,0
9835,1
9836,1
9837,1
,0
9839,1
,0
,0
9842,1
,0
,0
,0
9846,1
9847,1
,0
9849,1
,0
9851,1
,0
9853,1
,0
9855,1
9856,1
,0
,0
9859,1
,0
,0
,0
9863,1
,0
,0
9866,1
,0
9868,1
9869,1
,0
9871,1
9872,1
,0
,0
9875,1
,0
9877,1
9878,1
9879,1
9880,1
9881,1
9882,1
9883,1
9884,1
9885,1
,0
,0
9888,1
,0
,0
9891,1
9892,1
,0
9894,1
,0
,0
,0
,0
9899,1
,0
,0
,0
,0
9904,1
,0
9906,1
9907,1
,0
9909,1
9910,1
9911,1
,0
9913,1
,0
9915,1
9916,1
9917,1
9918,1
,0
,0
,0
9922,1
,0
,0
,0
,0
9927,1
,0
,0
,0
,0
,0
9933,1
9934,1
9935,1
9936,1
,0
,0
9939,1
9940,1
9941,1
9942,1
9943,1
,0
,0
,0
9947,1
9948,1
,0
,0
9951,1
,0
,0
9954,1
,0
9956,1
,0
,0
9959,1
,0
,0
,0
,0
9964,1
,0
9966,1
9967,1
,0
,0
9970,1
,0
9972,1
9973,1
9974,1
9975,1
,0
9977,1
,0
9979,1
9980,1
9981,1
,0
,0
,0
9985,1
,0
,0
,0
,0
9990,1
,0
,0
9993,1
,0
9995,1
,0
,0
9998,1
9999,1
